Ingenieria en informatica,ingenieria
Ingenieria comercial,ingenieria
Medicina,salud
Ingenieria Civil Mecanica,ingenieria
Licenciatura en historia,cienciaSociales
Enfermeria,salud
Ingenieria Civil Electronica,ingenieria
Obstetricia y puriecultura,salud
Ingenieria electrica,ingenieria
Arquitectura,artes
Derecho,cienciasSociales
Bioquimica,salud
Tecnologia medica,salud
Ingenieria en transportes, ingenieria
Psicologia,cienciaSociales
Pedagogia en historia,cienciaSociales
Teatro,artes 
Ingenieria industrial,ingenieria
Interpretacion musical,artes
Licenciatura en matematica,ingenieria
Ingenieria Mecanica,ingenieria
Ingenieria Civil de Minas,ingenieria
Licenciatura en artes,artes
Periodismo,cienciaSociales
Pedagogia en musica,artes
Odontologia,salud
Kinesiología,salud
Fonoaudiologia,salud
Terapia Ocupacional,salud
Gestion Cultural,artes
Fotografia,artes
Pedagogia en Artes Visuales,artes
Diseno Grafico,artes
Comunicación Audiovisual y/o Multimedia,artes
Artes y Licenciatura en Artes,artes
Marketing,cienciaSociales
Periodismo,cienciaSociales
Protocolo y Organizacion de Eventos,cienciaSociales
Sociologia,cienciaSociales
Atropologia,cienciaSociales
